experiment,precision,recall,f1
opt-175_gt05,0.6416379426933881,0.6637977785906407,0.6522249473692242
opt-175_gt05,0.6686513583610777,0.6768372913557816,0.6720313187646593
opt-175_gt05,0.6530470339642989,0.6711149059730368,0.6616946815816516
opt-175_gt05,0.67097970928024,0.6940784540045969,0.6820453111388682
